Rank by Marketcap,Name,  Marketcap($)  ,  Price ($)  ,  Earnings($)  ,Dividend yield(%),  Revenue($)  ,Employees
1,Reliance Industries,"2,32,05,04,50,551",34.3,"12,62,54,00,000",0.3139,"1,08,62,62,43,510",236334
2,Tata Consultancy Services,"1,59,22,58,89,716",44.01,"7,56,86,20,000",2.3827,"29,04,67,52,308",614795
3,HDFC Bank,"1,46,73,49,40,160",57.89,"9,24,20,30,000",0,"20,39,19,46,583",173222
4,Bharti Airtel,"98,20,16,08,202",16.46,"1,52,69,60,000",0.293,"18,08,56,55,426",21575
5,ICICI Bank,"94,27,10,62,016",26.74,"5,68,69,80,000",0.732,"18,63,05,05,378",157799
6,State Bank of India,"88,83,95,27,321",9.95,"11,00,52,00,000",1.6641,"40,35,84,77,413",235858
7,Life Insurance Corporation of India (LIC),"76,78,86,51,895",12.14,"4,91,63,20,000",0.701,"99,33,10,64,528",104036
8,Infosys,"70,40,02,53,952",16.75,"4,04,30,00,000",1.2804,"18,55,30,00,000",328764
9,Hindustan Unilever,"65,60,34,59,300",27.92,"1,71,95,40,000",1.6974,"7,35,18,14,275",18970
10,ITC,"63,82,66,56,309",5.11,"3,27,84,70,000",1.4607,"8,47,81,75,739",23725
11,Larsen &amp; Toubro,"60,47,31,74,161",43.99,"2,89,99,80,000",0.1621,"26,64,73,22,803",49921
12,Bajaj Finance,"49,62,21,56,861",80.29,"2,32,79,40,000",0.4459,"4,13,80,16,045",35425
13,Maruti Suzuki India,"46,73,47,26,294",148.65,"2,11,27,70,000",0.7151,"16,26,52,35,243",16259
14,Adani Enterprises,"46,62,15,78,390",40.9,"1,14,27,50,000",0.0364,"11,62,95,67,894",6647
15,Axis Bank,"43,45,59,79,463",13.93,"4,24,06,20,000",0.0859,"9,21,22,85,934",91898
16,HCL Technologies,"42,98,56,66,452",15.87,"2,52,73,70,000",3.9167,"13,25,16,14,239",219325
17,Sun Pharmaceutical,"41,98,93,55,846",17.5,"1,33,65,50,000",0.8595,"5,75,88,17,500",38000
18,NTPC Limited,"41,76,71,29,766",4.3,"4,57,98,20,000",2.0937,"21,16,32,22,721",15786
19,Tata Motors,"40,55,93,28,367",11.07,"3,36,62,20,000",0.2156,"52,43,78,96,609",81811
20,Kotak Mahindra Bank,"40,04,69,63,580",20.15,"2,87,68,00,000",0.0898,"8,64,21,65,990",103000
21,Hindustan Aeronautics,"39,87,75,55,988",59.63,"1,23,35,00,000",0.6004,"3,65,54,33,534",24375
22,Oil &amp; Natural Gas,"39,86,81,56,327",3.17,"10,50,64,00,000",3.8942,"77,54,17,79,814",27165
23,Adani Ports & SEZ,"37,22,33,44,484",17.23,"1,55,29,30,000",0.3584,"3,22,01,58,002",2736
24,Coal India,"36,29,00,31,404",5.89,"5,98,05,30,000",5.0818,"15,71,53,18,568",248550
25,Adani Green Energy,"36,23,90,85,934",22.88,"22,07,34,000",0,"1,16,45,27,039",1436
26,Mahindra &amp; Mahindra,"35,99,36,73,396",30.05,"2,83,00,70,000",0.638,"16,67,24,46,392",260000
27,Adani Power,"34,94,66,56,162",9.06,"2,92,22,90,000",0,"6,06,89,77,403",3295
28,Hindustan Zinc,"34,87,21,59,687",8.24,"1,35,79,60,000",3.3911,"3,38,63,07,368",3492
29,Powergrid Corporation of India,"34,56,43,59,298",3.72,"3,35,86,50,000",3.9257,"5,52,72,20,815",8536
30,Titan Company,"34,47,54,09,784",38.86,"63,18,19,000",0.3027,"5,63,58,93,746",7857
31,UltraTech Cement,"34,25,73,60,284",118.87,"1,25,23,80,000",0.3805,"8,54,96,26,708",21942
32,DMart,"33,56,17,19,399",51.58,"41,74,59,000",0,"6,12,30,10,351",11312
33,Asian Paints,"33,11,89,29,700",34.54,"88,64,83,000",0.9191,"4,26,70,50,736",8056
34,Bajaj Auto,"30,40,55,67,273",108.91,"1,21,01,40,000",1.5547,"5,27,78,53,190",6838
35,Siemens India,"29,74,79,65,001",83.53,"32,90,55,000",0.1435,"2,43,21,48,079",8317
36,Bajaj Finserv,"29,21,95,94,707",18.33,"4,79,47,30,000",0.0523,"12,74,35,17,308",73340
37,Indian Railway Finance,"27,85,56,53,976",2.13,"77,12,58,000",0.8646,"3,21,30,84,577",37
38,Wipro,"27,53,43,72,864",5.15,"1,99,91,70,000",0.2344,"11,12,50,92,660",250000
39,Indian Oil,"27,49,24,48,700",1.95,"6,22,54,20,000",4.9565,"93,84,58,69,974",31254
40,Nestl√© India,"27,21,92,42,581",28.23,"50,18,74,000",0.8756,"2,26,72,41,862",8117
41,Jio Financial Services,"26,23,11,18,574",4.13,"53,39,800",0,"25,80,983",0
42,Bharat Electronics,"25,93,45,37,439",3.55,"76,60,79,000",0.6933,"2,79,09,40,215",8853
43,JSW Steel,"25,72,03,14,112",10.56,"1,89,04,80,000",0.3831,"20,97,88,57,823",12856
44,Tata Steel,"25,02,23,71,237",2,"95,32,42,000",2.1785,"28,19,09,07,720",75263
45,DLF,"24,20,71,51,018",9.78,"25,89,78,000",0.4928,"77,45,28,142",2417
46,Varun Beverages,"22,35,85,87,227",17.1,"33,24,78,000",0.1772,"1,89,38,88,661",11500
47,ABB India,"21,13,09,73,003",99.72,"20,21,25,000",0.3581,"1,25,44,21,185",3139
48,Vedanta,"20,05,18,78,759",5.39,"3,59,56,40,000",4.9853,"17,09,58,01,053",8545
49,Power Finance Corp,"19,51,75,86,145",5.9,"4,04,84,50,000",3.0214,"4,04,92,40,721",501
50,Trent Limited,"19,42,95,80,997",54.66,"23,10,42,000",0.0706,"1,49,14,08,054",16586
51,InterGlobe Aviation,"19,38,36,76,335",50.22,"1,47,45,70,000",0,"8,30,72,20,232",26164
52,Grasim Industries,"18,83,84,72,446",27.77,"1,65,17,80,000",0.4228,"15,78,97,86,210",23591
53,Ambuja Cements,"18,72,25,44,869",7.6,"74,48,28,000",0.3993,"3,99,89,74,462",4361
54,Zomato,"18,65,80,16,875",2.15,"4,35,90,600",0,"1,45,95,92,484",4204
55,Hindalco Industries,"18,48,62,97,865",8.26,"2,15,44,60,000",0.4321,"26,04,01,84,878",35869
56,Pidilite,"18,10,60,28,009",35.6,"28,37,25,000",0.3726,"1,46,72,42,464",7310
57,Punjab National Bank,"17,08,77,40,864",1.55,"1,60,48,60,000",0.5149,"6,49,35,87,697",104120
58,Rural Electrification Corp,"16,97,55,32,611",6.45,"2,16,44,00,000",2.9032,"2,07,81,66,543",440
59,Lodha Group,"16,91,93,05,922",16.52,"29,30,35,000",0.0747,"1,42,47,74,903",4200
60,Tata Power,"16,73,03,80,913",5.24,"69,11,99,000",0.4634,"7,40,97,09,835",23025
61,LTIMindtree,"16,69,39,85,905",56.37,"75,61,61,000",1.2783,"4,28,25,85,441",82738
62,SBI Life Insurance,"16,64,57,74,539",16.62,"23,39,39,000",0.1959,"15,90,67,44,779",20787
63,Bank of Baroda,"16,42,26,22,950",3.18,"3,11,04,30,000",2.0943,"8,66,63,75,638",78122
64,Bharat Petroleum,"16,33,80,04,005",7.53,"4,37,42,70,000",4.046,"54,03,10,49,263",8594
65,GAIL,"16,10,36,85,015",2.45,"1,40,08,20,000",2.7354,"16,07,25,28,970",4754
66,Indian Overseas Bank,"15,61,32,04,059",0.83,"40,36,35,000",0,"1,86,80,00,919",22052
67,Godrej,"15,57,68,05,908",15.23,"6,08,47,800",1.179,"1,68,50,11,292",13000
68,Eicher Motors,"15,54,89,71,473",56.75,"63,32,62,000",0.7822,"1,95,73,31,084",4739
69,Adani Energy Solutions,"15,17,05,54,208",13.46,"54,78,25,000",0,"2,00,15,50,981",0
70,Britannia Industries,"14,95,71,18,115",62.1,"37,09,67,000",0,"1,99,50,62,256",4467
71,Union Bank of India,"14,66,55,07,078",1.92,"2,59,33,20,000",2.0078,"6,60,99,56,602",75594
72,Tech Mahindra,"14,39,29,59,344",14.73,"43,63,57,000",3.5536,"6,27,02,29,082",116331
73,Havells India,"14,32,92,28,011",22.87,"21,12,58,000",0.1609,"2,24,16,66,846",6533
74,HDFC Life,"14,18,13,36,559",6.59,"18,25,92,000",0.346,"12,00,13,72,707",32448
75,Cipla,"14,00,87,01,467",17.35,"69,83,97,000",0.5861,"3,06,84,88,131",25927
76,Adani Total Gas,"13,71,36,75,943",12.46,"10,80,45,000",0.0256,"53,94,72,130",550
77,Divis Laboratories,"13,70,77,03,340",51.64,"23,19,85,000",0.6863,"89,45,96,403",16543
78,IndusInd Bank,"13,64,32,14,628",17.53,"1,44,42,30,000",0,"3,61,81,75,740",33582
79,JSW Energy,"12,92,01,42,353",7.35,"45,60,76,000",0,"1,35,13,76,957",2310
80,NHPC Limited,"12,91,52,57,106",1.29,"53,13,40,000",1.8083,"1,16,73,11,182",5092
81,Canara Bank,"12,83,14,66,250",1.41,"2,41,16,10,000",10.4351,"8,08,31,05,977",84978
82,Cholamandalam Investment and Finance,"12,49,70,27,989",14.88,"55,60,41,000",0.163,"1,22,57,85,526",9125
83,TVS Motor,"12,41,18,36,297",26.13,"30,70,96,000",0.3643,"3,93,96,69,437",5459
84,Vodafone Idea,"12,40,96,77,297",0.18,"-56,05,40,000",0,"5,13,36,86,176",9370
85,Jindal Steel &amp; Power,"12,35,56,72,460",12.33,"83,00,54,000",0.1936,"8,77,08,64,051",6200
86,Samvardhana Motherson,"12,28,71,60,373",1.81,"59,00,40,000",0.4269,"11,28,82,15,178",47456
87,Hero MotoCorp,"12,27,07,76,177",61.38,"61,33,36,000",1.1711,"4,55,57,85,937",9173
88,Polycab India,"12,14,32,93,868",80.82,"28,43,66,000",0.3007,"2,16,91,47,828",4485
89,Tata Consumer Products,"12,11,10,51,083",12.71,"20,46,37,000",0.7329,"1,83,34,80,436",3040
90,Zydus Lifesciences,"12,06,47,48,091",11.99,"58,97,72,000",0.5926,"2,29,39,97,854",23000
91,Cummins India,"11,80,14,79,026",42.57,"23,86,28,000",0.8831,"1,02,68,27,873",3161
92,CG Power and Industrial Solutions,"11,78,18,88,543",7.71,"13,99,57,000",0.2012,"96,99,70,184",2771
93,Dabur,"11,58,16,83,785",6.53,"29,94,43,000",0.9921,"1,49,58,91,076",5319
94,Dr. Reddy's,"11,54,07,81,056",68.68,"85,39,57,000",1.3971,"3,28,32,13,219",25863
95,Indus Towers,"11,24,38,48,321",4.17,"97,89,12,000",0,"3,44,87,16,637",3163
96,IDBI Bank,"11,03,53,85,469",1.03,"1,00,86,70,000",1.1958,"2,18,84,23,363",16254
97,Torrent Pharmaceuticals,"10,93,88,55,102",32.32,"30,66,33,000",1.1221,"1,24,88,09,340",13247
98,Bajaj Holdings &amp; Investment,"10,88,29,47,391",95.35,"90,25,35,000",1.5481,"92,35,29,163",18
99,BOSCH India,"10,74,65,21,892",364.37,"37,45,91,000",1.5977,"1,96,54,45,461",38700
100,Shree Cement,"10,67,54,57,974",295.88,"38,78,70,000",0.1997,"2,47,42,95,645",6451
101,Shriram Transport Finance,"10,60,70,66,879",28.22,"1,20,06,70,000",2.1485,"2,46,45,16,498",64052
102,Mankind Pharma,"10,27,58,78,945",25.65,"29,34,31,000",0,"1,24,62,91,744",0
103,Solar Industries India,"10,16,52,87,542",112.34,"15,32,07,000",0.0865,"73,21,19,249",1781
104,Apollo Hospitals,"10,06,52,08,340",70,"20,16,17,000",0.2602,"2,20,82,40,954",71113
105,United Spirits,"9,86,14,10,749",13.9,"20,25,62,000",0.3416,"1,32,88,40,826",0
106,Indian Railway Catering & Tourism,"9,78,57,69,564",12.23,"18,21,89,000",0.4498,"49,37,11,661",1363
107,Linde India,"9,66,62,58,583",104.41,"6,97,33,700",0.0855,"34,25,81,159",242
108,Indian Hotels Company,"9,51,17,17,288",6.68,"24,00,77,000",0.1819,"80,72,84,241",16387
109,ICICI Prulife,"9,42,90,95,496",6.54,"11,09,68,000",0.1092,"10,81,60,27,523",17822
110,ICICI Lombard,"9,34,28,26,661",18.95,"29,39,76,000",0.6628,"2,38,53,81,034",12865
111,Godrej Properties,"9,26,20,33,105",33.31,"13,87,18,000",0,"36,61,19,795",2391
112,Marico,"9,23,10,07,311",7.14,"21,34,90,000",1.5926,"1,12,60,82,085",1657
113,Indian Bank,"9,19,08,94,550",6.8,"1,33,10,80,000",1.5099,"3,84,48,49,430",41699
114,National Mineral Development Corporation,"9,14,34,70,418",3.12,"1,08,46,40,000",3.4273,"2,50,32,47,343",5539
115,Hindustan Petroleum,"9,13,81,38,130",6.44,"2,78,78,50,000",2.7958,"52,09,90,98,157",9065
116,Info Edge,"8,81,91,50,698",68.3,"10,59,12,000",0.3355,"30,58,28,870",4785
117,Max Healthcare Institute,"8,75,96,16,371",9.01,"16,45,83,000",0.1326,"65,17,72,465",15000
118,Bharat Forge,"8,67,68,73,588",18.64,"23,27,00,000",0.5147,"1,89,08,91,513",4079
119,Colgate-Palmolive India,"8,66,46,52,615",31.86,"20,58,08,000",1.2127,"67,01,62,345",2318
120,Torrent Power,"8,65,30,07,532",18,"42,58,80,000",1.0741,"3,19,57,59,020",7603
121,Lupin Limited,"8,64,88,07,383",18.97,"32,96,31,000",0.2522,"2,37,00,12,172",20933
122,Yes Bank,"8,63,93,03,229",0.28,"18,51,10,000",0,"1,61,32,48,542",27517
123,Aurobindo Pharma,"8,32,88,11,947",14.21,"49,85,89,000",0.3804,"3,33,89,06,423",15431
124,Tube Investments of India,"8,29,32,83,524",42.88,"20,57,66,000",0.0946,"1,88,51,70,216",3038
125,Oil India,"8,27,13,78,481",7.62,"1,06,54,70,000",2.8194,"3,91,13,35,982",6256
126,MakeMyTrip,"8,24,42,22,976",75.59,"5,02,96,000",0,"72,81,60,000",4090
127,Muthoot Finance,"8,10,21,53,948",20.18,"69,77,95,000",0,"1,10,76,37,684",26716
128,Supreme Industries,"8,03,68,96,073",63.27,"19,13,96,000",0.5156,"1,24,16,98,846",4647
129,Schaeffler India,"7,94,77,72,142",50.85,"14,71,86,000",0.6063,"88,16,66,233",2871
130,Oberoi Realty,"7,93,83,33,984",21.81,"32,02,13,000",0.5511,"54,79,95,818",934
131,SBI Card,"7,89,07,94,360",8.3,"38,96,73,000",0.3614,"1,59,68,68,327",3907
132,Ashok Leyland,"7,88,53,96,076",2.69,"85,38,71,000",3.414,"5,49,59,41,808",9603
133,SRF Limited,"7,85,82,92,307",26.51,"24,05,95,000",0.3255,"1,55,68,44,638",7171
134,Container Corporation of India,"7,85,11,01,928",12.89,"20,60,27,000",1.0416,"1,04,30,57,305",1359
135,Steel Authority of India,"7,85,10,46,931",1.9,"48,87,14,000",0.9505,"12,70,46,04,976",62181
136,Jindal Stainless,"7,83,30,71,769",9.51,"50,01,97,000",0.3434,"4,65,11,40,067",1761
137,Suzlon,"7,77,14,37,368",0.57,"8,54,65,600",0,"73,81,52,359",1592
138,Prestige Group,"7,68,97,08,874",19.15,"41,04,47,000",0.0948,"99,82,74,561",9024
139,General Insurance Corporation of India,"7,49,27,21,402",4.27,"95,10,98,000",2.0206,"5,51,64,58,087",494
140,Thermax,"7,49,14,80,055",64.79,"11,51,10,000",0.1859,"1,12,35,22,372",4818
141,Balkrishna Industries,"7,06,85,90,391",36.56,"23,39,27,000",0.5211,"1,12,93,64,290",3472
142,Bank of India,"7,02,42,60,196",1.54,"1,14,44,20,000",1.5868,"3,72,25,91,697",52209
143,PB Fintech,"7,01,39,82,950",15.52,"92,23,900",0,"41,41,52,928",11694
144,Aditya Birla Capital,"6,97,89,19,639",2.68,"55,20,50,000",0,"3,93,60,51,193",30905
145,Alkem Laboratories,"6,89,51,80,636",57.67,"23,76,91,000",0.9209,"1,50,93,46,350",16966
146,Bharat Dynamics,"6,84,36,76,561",18.67,"7,81,23,700",0.331,"27,94,14,944",2662
147,Astral Poly Technik,"6,75,26,29,329",25.14,"9,16,08,200",0.1799,"68,00,09,665",4140
148,Dixon Technologies,"6,74,11,86,948",112.65,"6,85,00,100",0.0324,"2,13,14,35,117",1755
149,Central Bank of India,"6,72,80,79,748",0.78,"49,30,09,000",0,"2,13,12,93,116",30770
150,Phoenix Mills,"6,64,06,78,774",37.16,"24,57,38,000",0.1635,"47,92,52,211",96
151,Abbott India,"6,59,46,95,546",310.35,"19,65,57,000",0.5616,"70,53,44,362",3700
152,SJVN,"6,58,14,66,568",1.67,"18,82,21,000",1.3421,"30,03,78,226",1418
153,Hudco,"6,57,10,02,728",3.28,"33,47,47,000",1.7671,"33,19,54,872",703
154,IDFC FIRST Bank,"6,48,20,97,605",0.92,"47,71,06,000",0,"2,73,98,30,147",27804
155,PI Industries,"6,43,70,21,816",42.43,"23,20,61,000",0.3263,"92,44,75,804",3079
156,Berger Paints,"6,43,22,79,560",5.51,"19,73,43,000",0.5567,"1,35,08,73,996",3931
157,Madras Rubber Factory,"6,37,74,20,708","1,503.70","37,88,98,000",0.1386,"3,03,44,20,264",19050
158,Procter &amp; Gamble India,"6,21,52,42,385",191.47,"12,81,39,000",1.0387,"49,56,89,225",506
159,Persistent Systems,"6,21,44,16,262",40.89,"17,92,58,000",1.22,"1,18,40,87,807",0
160,Patanjali Foods,"6,20,61,86,452",17.14,"15,04,40,000",0.8491,"3,82,48,16,199",3547
161,GMR Group,"6,12,31,97,756",1.01,"20,95,46,000",0,"99,25,75,023",40
162,Tata Communications,"6,07,60,02,252",21.32,"21,82,48,000",1.1848,"2,52,75,66,273",13426
163,United Breweries,"5,90,00,65,022",22.3,"6,65,40,200",0.4055,"97,98,47,019",2837
164,Bank of Maharashtra,"5,86,71,10,428",0.83,"52,57,46,000",2.0946,"1,54,56,12,484",12977
165,UNO Minda,"5,85,24,59,402",10.19,"15,72,04,000",0.1956,"1,69,12,15,601",9881
166,AU Small Finance Bank,"5,81,52,40,234",7.83,"24,11,45,000",0.1544,"83,20,82,225",28677
167,ACC,"5,73,25,51,661",30.53,"35,11,49,000",0.3681,"2,40,69,04,799",5167
168,L&amp;T Technology Services,"5,69,37,30,136",53.84,"22,36,09,000",1.0432,"1,16,31,19,201",19773
169,Nykaa,"5,62,26,61,112",1.97,"1,82,93,900",0,"76,96,83,249",2764
170,Adani Wilmar,"5,54,29,01,880",4.26,"12,17,08,000",0,"6,18,14,32,568",2600
171,Honeywell Automation India,"5,45,07,17,795",616.49,"8,17,53,700",0.1826,"48,92,65,259",2950
172,Voltas,"5,39,35,65,988",16.3,"6,54,30,700",0.3082,"1,49,61,24,958",1689
173,Petronet LNG,"5,34,79,86,591",3.56,"54,82,60,000",3.419,"6,62,52,09,098",519
174,Tata Elxsi,"5,18,45,48,459",83.25,"12,88,75,000",0.8469,"42,82,72,325",11639
175,Mphasis,"5,17,56,22,945",27.38,"26,87,95,000",2.1904,"1,60,10,69,627",26977
176,APL Apollo,"5,00,68,61,560",18.04,"11,79,42,000",0.3367,"2,11,11,47,991",2137
177,Page Industries,"5,00,32,69,906",431.03,"9,26,70,000",0.6809,"53,70,07,622",23853
178,Exide Industries,"4,97,72,69,992",5.85,"16,25,14,000",0.3996,"2,02,23,58,973",5208
179,Escorts Limited,"4,96,39,04,310",45.77,"17,06,49,000",0.1824,"1,06,73,65,648",3920
180,Punjab &amp; Sind Bank,"4,96,05,47,568",0.73,"11,30,08,000",0.8129,"48,96,77,609",8735
181,Federal Bank,"4,74,13,25,075",1.94,"63,42,26,000",0.6182,"1,48,12,36,125",12641
182,KPIT Technologies,"4,73,93,86,061",17.47,"9,64,74,200",0.3281,"58,72,14,856",6698
183,Coromandel,"4,62,34,52,198",15.67,"28,67,74,000",0.4612,"2,66,09,83,137",5064
184,UPL,"4,57,84,25,121",6.1,"-25,09,27,000",1.9654,"5,19,32,02,344",13054
185,Gujarat Gas,"4,55,09,12,808",6.61,"18,87,09,000",1.2083,"1,89,17,29,416",1034
186,New India Assurance,"4,51,93,31,158",2.74,"17,00,18,000",0.8508,"5,23,83,11,793",13926
187,3M India,"4,50,86,05,693",400.23,"8,89,23,000",0.2997,"50,10,35,515",1132
188,Biocon,"4,43,69,76,491",3.71,"30,10,24,000",0.4859,"1,72,37,35,013",15000
189,BSE,"4,37,47,17,096",32.29,"11,15,69,000",0.4715,"11,64,45,907",485
190,Fortis Healthcare,"4,29,99,52,710",5.7,"11,91,69,000",0.2196,"83,10,86,583",13010
191,National Aluminum &amp; Alloy,"4,22,31,00,428",2.3,"23,01,28,000",2.133,"1,60,55,00,572",5525
192,LIC Housing Finance,"4,17,22,09,562",7.58,"73,15,00,000",1.3554,"1,05,59,72,566",2467
193,AIA Engineering,"4,15,69,27,257",44.07,"17,94,51,000",0.4299,"57,55,01,485",1287
194,Hindustan Copper,"4,13,34,91,744",4.27,"4,85,87,700",0.2585,"20,57,85,674",1476
195,Gujarat Fluorochemicals,"4,00,07,70,640",36.42,"7,19,44,800",0.0659,"51,64,00,751",2830
196,Dalmia Bharat,"3,99,24,35,159",21.29,"12,88,43,000",0.5128,"1,77,11,87,950",5642
197,Coforge,"3,97,43,32,720",59.59,"14,10,56,000",1.5383,"1,10,67,23,824",23224
198,ZF Commercial Vehicle Control Systems India,"3,95,90,35,880",208.73,"6,65,24,500",0.0836,"46,03,43,930",2181
199,NLC India,"3,93,14,31,644",2.84,"42,59,57,000",1.617,"1,78,82,91,162",11246
200,Glenmark Pharmaceuticals,"3,92,53,95,010",13.91,"-3,90,40,500",0.2176,"1,48,46,75,873",15415
201,Jubilant FoodWorks,"3,89,93,63,277",5.92,"5,84,38,100",0.2385,"68,16,32,602",29346
202,Blue Star,"3,88,58,93,101",18.9,"7,41,12,500",0.4005,"1,16,72,75,840",2866
203,Apar Industries,"3,82,02,91,106",94.8,"14,12,22,000",0.5214,"1,97,25,29,666",1428
204,Max Financial Services,"3,79,86,85,400",11.01,"5,00,90,600",0,"5,62,38,16,968",12
205,Endurance Technologies,"3,74,51,60,995",26.6,"9,66,85,500",0.3195,"1,16,92,06,173",3588
206,Indraprastha Gas,"3,70,87,51,059",5.3,"30,77,90,000",0.8896,"1,68,80,32,913",710
207,Bandhan Bank,"3,63,75,54,365",2.26,"35,54,40,000",0.8042,"1,50,56,21,424",61247
208,Carborundum Universal,"3,63,43,23,722",19.1,"7,83,98,900",0.2175,"55,81,45,925",2160
209,Gland Pharma,"3,63,35,54,559",22.06,"13,96,88,000",0,"68,27,01,294",4752
210,Timken India,"3,60,98,68,027",47.4,"6,31,87,600",0.038,"35,07,93,035",1256
211,CRISIL,"3,59,78,06,543",49.2,"10,48,17,000",1.3142,"38,12,91,416",4603
212,JK Cement,"3,58,69,06,268",46.42,"19,68,23,000",0.3848,"1,39,32,06,439",3941
213,Deepak Nitrite,"3,58,30,24,312",26.27,"13,06,51,000",0.3454,"90,30,20,460",1694
214,Indian Telephone Industries,"3,56,21,72,449",3.56,"-1,90,62,000",0,"17,43,36,946",1665
215,SKF India,"3,54,87,61,198",71.78,"8,20,69,000",0.6684,"53,75,98,011",1662
216,Apollo Tyres,"3,54,10,97,850",5.56,"36,72,70,000",0.1064,"3,06,00,54,279",7835
217,Ipca Laboratories,"3,50,49,31,076",13.81,"12,36,31,000",0.1679,"86,45,31,667",16167
218,Delhivery,"3,40,45,39,574",4.62,"-2,95,42,500",0,"98,15,45,565",17256
219,Grindwell Norton,"3,40,32,10,233",30.72,"6,40,01,900",0.5651,"32,07,84,414",2178
220,Emami,"3,27,31,61,167",7.5,"9,29,96,200",1.2863,"42,09,30,449",3205
221,EIH Limited,"3,24,23,26,682",5.17,"8,74,61,000",0.2617,"29,12,21,923",9105
222,Syngene International,"3,23,33,39,494",8.06,"8,04,84,100",0.112,"42,05,73,618",6847
223,Sun TV Network,"3,18,12,58,153",7.87,"31,16,17,000",2.4985,"50,39,02,438",979
224,Tata Chemicals,"3,14,69,12,741",12.35,"16,52,10,000",1.6786,"1,86,03,00,777",4622
225,KIOCL,"3,10,45,09,971",5.11,"39,42,330",0,"26,84,95,092",120
226,NBCC India,"3,07,28,28,542",1.71,"6,19,48,900",0.397,"1,10,15,50,427",1367
227,Vedant Fashions,"3,03,75,75,297",12.51,"6,60,83,600",0.9059,"16,48,12,649",409
228,Crompton Greaves Consumer Electricals,"3,02,43,61,836",4.7,"6,96,01,200",0.766,"86,02,73,180",2190
229,JBM Auto,"2,96,49,28,467",25.07,"2,94,35,500",0.0651,"57,12,16,889",2063
230,Ratnamani Metals &amp; Tubes,"2,86,03,99,079",40.81,"10,51,97,000",0.3634,"60,98,26,334",2637
231,"Sumitomo Chemical
 India","2,77,61,74,733",5.56,"5,75,84,300",1.3141,"33,95,14,579",1642
232,Paytm,"2,75,03,79,877",4.32,"-16,76,22,000",0,"1,20,29,74,745",17964
233,Bayer Crop Science,"2,72,55,08,370",60.28,"11,38,57,000",2.7122,"61,63,61,953",1321
234,Laurus Labs,"2,70,79,14,058",5.02,"2,84,60,500",0.1905,"60,76,82,150",5753
235,Hatsun Agro Products,"2,70,30,82,236",12.13,"4,31,97,500",0.5984,"96,37,63,788",5541
236,Aarti Industries,"2,65,81,01,906",7.33,"4,75,74,600",0.2445,"76,81,19,168",6185
237,Dr Lal PathLabs,"2,64,15,20,508",31.74,"6,44,97,100",0.9137,"26,84,87,543",4110
238,Finolex Cables,"2,63,17,64,746",17.21,"10,43,87,000",0.4894,"60,45,39,710",1589
239,Nerolac Paints,"2,61,27,10,674",3.23,"18,56,96,000",0,"93,54,77,066",3379
240,CDSL,"2,60,53,90,464",24.93,"6,69,73,900",0.7797,"9,78,50,818",246
241,Radico Khaitan,"2,52,71,43,828",18.9,"4,91,41,300",0.1909,"49,64,69,101",1196
242,Sanofi India Limited,"2,38,19,68,411",103.43,"10,25,92,000",1.9896,"34,11,14,731",2651
243,Inox Wind,"2,36,13,97,028",1.79,"1,72,04,600",0,"19,19,15,147",913
244,Relaxo Footwear,"2,35,61,21,504",9.46,"3,24,80,300",0.314,"35,14,07,853",8026
245,Piramal Pharma,"2,34,42,71,364",1.77,"7,54,18,900",0,"98,47,03,925",6295
246,Mahindra CIE,"2,33,02,49,104",6.14,"13,65,65,000",0,"94,15,80,656",4665
247,Elgi Equipments,"2,31,75,11,911",7.32,"7,09,64,100",0.3331,"38,35,09,964",1258
248,Finolex Industries,"2,30,94,66,142",3.73,"8,28,14,400",0.4754,"52,07,09,930",1379
249,Kajaria Ceramics,"2,30,11,88,996",14.45,"6,94,12,000",0.7268,"55,19,36,105",4380
250,WNS,"2,29,43,81,056",50.21,"19,26,79,000",0,"1,32,33,65,000",60652
251,Cyient,"2,28,60,47,521",20.8,"12,47,12,000",1.6284,"86,16,71,291",12042
252,Tejas Networks,"2,28,31,73,962",13.36,"1,55,80,200",0,"31,06,00,469",1417
253,Whirlpool India,"2,27,86,46,388",17.96,"3,63,87,200",0.3406,"81,93,93,857",2668
254,KEC International,"2,27,60,83,362",8.85,"11,81,98,000",0.4012,"2,29,85,32,464",7779
255,Devyani International,"2,22,66,90,557",1.85,"2,30,03,600",0,"42,87,24,266",15685
256,BASF India,"2,21,64,05,456",51.2,"9,14,43,100",0.1888,"1,65,82,01,408",1363
257,Multi Commodity Exchange,"2,21,59,79,038",43.53,"1,09,07,200",0.5285,"8,09,11,033",308
258,Trident,"2,20,19,28,258",0.44,"7,63,55,600",0,"82,07,30,309",14998
259,BEML,"2,19,70,01,371",52.76,"5,03,74,200",0.2354,"49,05,77,346",5573
260,ReNew Power,"2,18,82,00,704",5.99,"6,49,34,900",0,"1,04,76,41,386",2481
261,Alembic Pharmaceuticals,"2,17,52,35,979",11.07,"8,29,08,000",0.8524,"75,09,87,475",14593
262,IDFC,"2,17,41,62,175",1.36,"12,70,37,000",0,"74,27,683",328
263,NCC Limited,"2,15,98,11,665",3.44,"12,78,51,000",0.7726,"2,51,18,36,536",5109
264,Natco Pharma,"2,14,21,69,821",11.96,"18,54,51,000",0.9461,"46,24,18,812",4025
265,Piramal Enterprises,"2,14,07,92,162",9.53,"13,11,99,000",3.908,"97,97,27,975",12220
266,IIFL Wealth Management,"2,10,54,77,693",23.66,"15,48,56,000",0,"15,49,04,596",907
267,Bata India,"2,10,41,49,867",16.37,"5,68,66,500",0.9724,"41,86,24,908",4357
268,Ramco Cements,"2,10,14,59,171",8.89,"11,53,57,000",0.2688,"1,13,04,40,360",3326
269,Chalet Hotels,"2,05,09,21,853",9.4,"5,96,20,200",0,"17,40,93,471",1853
270,Blue Dart Express,"2,04,90,93,224",86.36,"4,73,26,100",0.4095,"63,50,96,115",12594
271,Action Construction Equipment,"2,04,41,92,264",17.17,"5,22,87,200",0.0711,"35,11,99,023",1184
272,IIFL Finance,"2,02,94,09,640",4.79,"31,60,55,000",0.9912,"67,55,39,600",14937
273,RITES,"2,01,06,54,905",8.37,"8,66,87,600",2.7599,"31,40,36,417",2154
274,Atul,"1,98,39,99,356",67.39,"5,57,25,700",0.4391,"56,98,54,639",3188
275,KSB ltd,"1,98,14,13,546",56.92,"3,50,14,900",0,"27,75,95,668",1937
276,Schneider Electric Infrastructure,"1,96,48,00,526",8.22,"2,61,64,800",0,"25,78,27,760",1232
277,sterling &amp; wilson solar,"1,96,32,44,719",8.41,"54,86,060",0,"36,55,37,032",835
278,V-Guard Industries,"1,93,08,40,088",4.44,"4,58,04,100",0.3503,"58,56,05,239",2477
279,Karur Vysya Bank,"1,89,76,60,794",2.36,"25,31,81,000",1.0305,"65,90,42,994",6761
280,Chambal Fertilisers,"1,86,91,32,816",4.67,"22,77,12,000",1.8786,"2,16,89,83,880",1035
281,Welspun India,"1,86,74,18,314",1.91,"7,61,83,000",0.063,"93,43,19,732",26000
282,Redington India,"1,85,84,95,738",2.38,"23,62,68,000",3.6498,"10,77,18,93,886",4651
283,DCM Shriram,"1,85,56,71,872",11.97,"10,54,20,000",0.7722,"1,35,40,83,034",5803
284,RBL Bank,"1,78,54,72,968",2.95,"16,26,85,000",0.6171,"1,09,26,25,130",18010
285,Raymond,"1,76,33,74,652",26.5,"22,60,10,000",0.1377,"1,08,67,48,357",6682
286,Tata Teleservices,"1,74,83,40,027",0.89,"4,73,94,600",0,"14,36,68,366",368
287,IndiaMART,"1,73,83,41,102",28.98,"5,58,55,300",0,"14,42,85,016",4583
288,PVR Cinemas,"1,73,37,46,986",17.65,"-2,51,62,000",0,"46,14,25,308",8665
289,CenturyPly,"1,72,95,21,457",7.78,"5,87,58,900",0.1538,"45,70,48,890",6339
290,Asahi India Glass,"1,72,20,12,295",7.05,"6,48,56,400",0.3408,"51,65,70,539",2734
291,Olectra Greentech,"1,71,88,06,991",20.93,"1,27,54,500",0.0231,"13,90,54,783",337
292,Zee Entertainment,"1,71,45,75,022",1.79,"5,45,20,000",0,"1,04,13,13,515",3182
293,Engineers India,"1,67,33,57,620",2.98,"6,85,68,800",1.2172,"40,60,17,492",2725
294,Zensar,"1,65,78,64,168",7.31,"10,55,95,000",0.8808,"59,10,99,753",11051
295,HBL Power Systems,"1,64,97,44,744",5.95,"3,73,60,500",0.0908,"24,36,60,200",1663
296,Ingersoll Rand India,"1,64,37,00,646",52.07,"3,67,77,300",1.6532,"14,45,65,054",536
297,Chennai Petroleum,"1,63,81,72,826",11,"47,22,71,000",2.9843,"8,00,18,39,771",1486
298,Indian Energy Exchange,"1,63,36,80,803",1.84,"5,61,81,000",1.3084,"5,41,45,142",0
299,Fine Organics,"1,63,04,58,410",53.18,"6,59,15,200",0.2027,"25,60,28,620",760
300,Jindal Stainless (Hisar),"1,61,22,15,436",6.83,"23,26,00,000",0,"1,97,08,96,997",2190
301,Anant Raj,"1,58,00,39,334",4.62,"4,25,77,400",0.1348,"17,87,48,702",231
302,Mahanagar Gas,"1,53,70,56,648",15.56,"20,77,36,000",2.1646,"75,84,36,614",491
303,BLS International,"1,53,50,86,011",3.73,"4,24,41,300",0.2411,"20,21,32,105",20000
304,Godawari Power &amp; Ispat,"1,52,39,52,001",11.59,"15,84,29,000",0.4379,"65,77,27,578",2851
305,Alok Industries,"1,51,78,75,888",0.31,"-3,05,68,400",0,"66,22,59,744",14803
306,Aavas Financiers,"1,51,49,58,528",19.14,"5,42,66,100",0,"21,96,29,715",6034
307,Gujarat Mineral Development,"1,49,82,72,245",4.7,"14,31,30,000",2.9698,"32,30,80,468",1064
308,TANLA,"1,48,03,25,269",11.01,"8,31,59,100",1.0927,"47,35,22,708",336
309,Amber Enterprises India,"1,45,36,78,264",43.14,"4,32,04,300",0,"81,10,73,587",1397
310,Ramkrishna Forgings,"1,44,24,58,519",7.99,"5,53,33,000",0.2989,"47,67,33,391",2112
311,KFin Technologies,"1,42,98,53,652",8.35,"4,14,10,500",0,"10,11,36,085",0
312,East India Distilleries Parry,"1,42,27,46,553",8.01,"29,80,02,000",0.5941,"3,54,71,02,128",2230
313,Force Motors,"1,41,33,95,210",104.71,"8,03,73,600",0.1203,"84,26,84,329",3928
314,Happiest Minds Technologies,"1,41,33,92,068",9.45,"4,54,42,500",0.7451,"19,58,84,678",4589
315,Voltamp Transformers,"1,37,59,91,903",134.97,"4,81,67,600",0.1822,"19,47,30,886",320
316,Zydus Wellness,"1,33,78,26,503",21.02,"3,09,98,900",0.2902,"27,24,54,949",975
317,Vesuvius India,"1,33,44,23,310",65.75,"3,75,76,700",0.2508,"20,23,65,289",485
318,Graphite India,"1,32,42,89,350",6.78,"12,44,54,000",1.5119,"35,57,67,670",1695
319,Jubilant Pharmova,"1,31,57,78,469",8.25,"1,64,80,200",0.7128,"79,39,08,980",6000
320,Aether Industries,"1,27,75,90,384",9.64,"1,42,57,700",0,"7,21,61,428",889
321,City Union Bank,"1,27,33,16,382",1.72,"14,83,37,000",0.6908,"34,54,92,246",5367
322,Bajaj Electricals,"1,27,23,83,016",11.05,"2,08,94,100",0.4339,"55,72,93,812",2661
323,MMTC,"1,26,88,38,501",0.84,"1,75,91,700",0,"8,70,32,847",0
324,eClerx Services,"1,26,80,03,932",26.3,"8,59,04,400",0.0453,"35,26,92,669",16171
325,Amara Raja Batteries,"1,24,17,75,208",7.26,"13,16,79,000",1.3251,"1,31,16,74,022",9911
326,RattanIndia Power,"1,23,28,43,002",0.23,"1,06,33,60,000",0,"40,56,38,978",524
327,MOIL,"1,22,87,64,434",6.04,"3,85,37,000",0.8768,"17,47,97,817",5789
328,Bombay Burmah,"1,22,75,63,942",17.59,"34,82,48,000",0.0816,"2,03,56,10,466",3087
329,MapmyIndia,"1,22,39,80,660",22.99,"2,11,12,300",0.1567,"4,57,40,534",510
330,Granules India,"1,21,59,85,445",5.02,"6,58,59,400",0.3574,"54,31,77,670",0
331,Electrosteel Castings,"1,19,31,81,015",1.93,"13,91,84,000",0.8774,"90,14,26,079",2879
332,Arvind,"1,18,35,53,119",4.52,"5,58,22,300",0.5324,"93,29,04,291",25188
333,Reliance Power,"1,18,22,40,671",0.29,"8,31,11,400",0,"86,69,47,248",1305
334,Sheela Foam,"1,15,68,06,433",10.63,"3,91,05,700",0,"35,93,97,256",1914
335,Praj Industries,"1,15,19,95,923",6.26,"4,54,55,500",0.848,"41,08,33,415",1192
336,Puravankara,"1,15,09,94,204",4.85,"6,04,82,700",1.6338,"26,30,13,053",1248
337,Safari Industries India,"1,15,00,61,721",23.58,"2,77,62,100",0.1158,"18,70,25,662",1004
338,CEAT,"1,14,35,52,413",28.27,"10,08,13,000",0.5099,"1,44,01,59,660",8207
339,Cera Sanitaryware,"1,09,24,70,631",84,"3,91,40,300",0.7138,"22,66,57,807",2523
340,Mahindra Lifespaces,"1,07,39,55,621",6.92,"64,79,030",0.3998,"2,56,48,148",580
341,Indiabulls Housing Finance,"1,07,22,32,959",1.89,"19,81,71,000",0.7081,"37,29,31,412",5318
342,Knr Constructions,"1,07,18,04,871",3.81,"8,41,45,900",0.0837,"51,59,15,799",2173
343,Craftsman Automation,"1,07,17,01,164",50.72,"5,36,27,400",0.5436,"53,29,70,020",2154
344,HEG,"1,06,32,48,717",27.54,"4,78,17,700",1.9127,"28,89,31,783",837
345,PCBL Limited,"1,06,22,72,237",2.81,"10,32,72,000",2.3159,"77,36,07,165",1178
346,Rajesh Exports,"1,05,12,55,390",3.55,"11,47,28,000",0,"37,92,82,14,442",135
347,Galaxy Surfactants,"1,04,19,45,589",29.39,"4,79,83,100",0.1612,"45,75,54,643",1668
348,Varroc,"1,03,60,71,489",6.68,"6,13,17,300",0,"90,88,90,312",13800
349,Kalpataru Power Transmission,"1,02,93,35,063",6.33,"13,61,76,000",1.3298,"2,01,06,71,504",3072
350,Syrma SGS Technology,"1,02,19,94,487",5.75,"2,46,25,100",0.3128,"37,99,08,734",697
351,Shriram Pistons &amp; Rings,"1,02,11,22,009",23.18,"7,10,22,100",0.4032,"37,24,16,282",3907
352,Rashtriya Chemicals and Fertilizers,"1,01,91,82,701",1.85,"5,84,68,400",2.4221,"2,04,74,08,858",0
353,Campus Activewear,"1,01,49,58,393",3.32,"1,28,73,900",0,"17,33,08,224",782
354,Quess,"1,01,05,34,035",6.8,"3,55,77,500",0.7096,"2,30,28,94,117",6664
355,Network18,"1,00,28,32,877",0.96,"-4,66,83,800",0,"1,12,26,28,907",620
356,Infibeam Avenues,"99,61,12,226",0.36,"2,52,87,800",0.1665,"38,23,16,613",750
357,Astra Microwave,"98,54,17,893",10.38,"1,27,23,700",0.1895,"9,82,10,436",1058
358,ESAB India,"98,09,70,358",63.73,"2,65,76,400",1.3949,"14,99,53,102",820
359,Mishra Dhatu Nigam,"97,08,98,563",5.18,"2,32,64,000",0.7323,"12,02,56,811",773
360,Karnataka Bank,"96,93,99,520",2.57,"20,34,39,000",2.3713,"55,93,42,885",8520
361,Texmaco Rail &amp; Engineering,"95,15,56,546",2.38,"1,95,01,100",0.0762,"42,19,57,411",2114
362,Strides Pharma,"94,85,33,220",10.32,"2,38,13,400",0.1752,"48,83,54,148",2647
363,Neuland Laboratories,"94,76,25,388",72.44,"4,83,86,400",0.165,"18,79,08,049",1554
364,Kirloskar Ferrous Industries,"91,78,44,181",5.52,"5,46,71,900",0.6527,"74,11,10,569",1385
365,Symphony Limited,"89,64,03,758",13,"2,17,97,200",0.5485,"13,94,09,212",462
366,EaseMyTrip,"89,11,71,544",0.5,"2,53,49,700",0.2386,"6,56,94,383",508
367,Mastek,"88,10,99,749",28.56,"5,19,34,600",0.7994,"36,82,99,430",5810
368,Greenlam Industries,"88,09,68,642",6.82,"2,63,21,400",0.2566,"25,98,77,548",2249
369,Power Mech Projects,"87,82,05,665",55.55,"5,73,76,800",0.0426,"50,68,67,893",14044
370,JSW Holdings,"87,16,44,208",78.55,"1,89,80,300",0,"2,01,76,943",2
371,South Indian Bank,"84,55,18,883",0.32,"18,42,16,000",1.1331,"58,43,49,716",9219
372,FDC India,"84,41,56,643",5.18,"4,59,77,100",0,"23,12,00,189",6336
373,VIP Industries,"82,95,35,178",5.83,"1,59,72,000",0.4085,"27,08,44,121",4190
374,Sunteck Realty,"82,71,28,302",5.65,"-95,88,580",0.3202,"2,14,17,944",453
375,Religare,"81,24,19,432",2.46,"5,39,47,300",0,"60,79,35,371",11000
376,Prince Pipes And Fittings,"80,94,43,393",7.31,"2,93,42,300",0,"30,95,93,099",1665
377,SPARC,"80,08,49,380",2.47,"-4,39,82,200",0,"1,29,42,426",403
378,Marksans Pharma,"79,54,88,219",1.78,"5,23,72,600",0.3346,"25,41,93,837",1412
379,Allcargo Logistics,"79,05,61,283",0.8,"4,83,69,700",0,"1,59,86,80,911",959
380,Reliance Infrastructure,"78,90,85,122",1.99,"-12,39,80,000",0,"2,57,34,31,217",4502
381,Transport Corporation of India,"78,02,85,707",10.04,"4,82,75,700",0.814,"48,89,02,385",3687
382,Jindal Worldwide,"77,78,96,951",3.88,"1,82,40,200",0.061,"21,67,38,677",1979
383,Tata Coffee,"77,55,20,278",4.15,"3,59,93,000",0,"34,74,75,932",6044
384,Edelweiss Financial Services,"77,38,19,611",0.86,"5,25,77,800",1.7848,"81,92,53,211",4490
385,Surya Roshni,"75,63,36,911",6.97,"5,65,02,200",0.7896,"94,15,30,348",3357
386,eMudhra,"75,60,42,043",9.13,"1,15,28,200",0.1711,"4,49,69,879",751
387,MSTC Limited,"75,22,34,135",10.68,"4,17,25,700",1.552,"3,82,13,879",315
388,Time Technoplast,"75,04,80,292",3.3,"6,41,37,000",0.4629,"60,16,98,942",2521
389,Hindustan Construction Company,"74,66,80,094",0.44,"6,87,54,000",0,"1,01,96,10,052",1105
390,PTC India,"74,36,00,299",2.51,"9,25,38,300",3.7525,"2,04,12,71,481",102
391,Sterlite Technologies,"73,97,58,067",1.52,"3,59,86,400",0.8072,"66,09,13,649",3286
392,Borosil,"73,76,26,173",5.65,"59,48,140",0,"16,84,45,667",602
393,Sundaram Finance,"73,59,04,542",3.33,"2,93,74,600",1.0793,"3,60,77,588",282
394,Suprajit Engineering,"73,53,37,982",5.31,"2,57,11,600",0.5256,"34,03,12,961",1514
395,VA Tech Wabag,"73,08,35,402",11.75,"4,83,52,500",0,"34,41,15,333",2000
396,Gokaldas Exports,"72,42,90,935",10.18,"2,31,28,800",0.121,"25,29,09,412",31483
397,Ethos Watches,"71,60,72,517",29.25,"1,53,47,100",0,"12,04,26,500",424
398,Paisalo Digital,"67,82,56,590",0.76,"2,90,72,300",0.1574,"4,68,27,405",958
399,Vaibhav Global,"67,14,09,054",4.05,"2,33,46,200",1.7666,"36,65,03,321",1199
400,Gujarat Alkalies and Chemicals,"67,12,89,732",9.14,"-99,43,430",3.1357,"46,34,72,996",1538
401,CSB Bank,"66,85,15,608",3.95,"9,17,90,900",0,"24,93,33,432",4632
402,India Tourism Development Corp,"66,77,77,626",7.78,"1,30,03,200",0.3397,"6,41,26,065",567
403,Rain Industries,"66,12,06,938",1.96,"-5,70,72,500",0,"2,19,72,50,594",2640
404,Nazara Technologies,"65,59,33,329",8.41,"1,29,69,700",0,"14,05,21,019",73
405,PDS Multinational,"65,33,77,374",4.95,"4,08,78,800",0.9891,"1,24,98,39,717",180
406,Sudarshan Chemical,"65,21,04,110",9.42,"6,15,59,300",0.6511,"30,31,15,933",1285
407,Spandana Sphoorty Financial,"64,67,15,254",9.07,"7,92,36,200",0,"26,97,49,876",9674
408,Ashoka Buildcon,"61,70,42,076",2.2,"10,46,50,000",0,"1,18,04,90,360",2030
409,Gabriel India,"61,51,98,913",4.28,"3,04,48,000",0.882,"41,02,28,220",2556
410,National Fertilizers,"60,28,20,169",1.23,"-5,14,51,300",2.7445,"2,97,11,08,943",3003
411,Gateway Distriparks,"58,88,03,025",1.18,"3,89,99,200",2.0521,"18,59,08,607",0
412,JCI Hitachi India,"58,73,08,254",21.59,"-1,95,61,300",0,"20,55,28,582",1427
413,Orient Electric,"58,05,12,032",2.72,"1,44,06,200",0.6518,"33,90,52,935",1001
414,IFB Industries,"57,79,69,089",14.26,"63,00,160",0,"52,42,20,649",2653
415,VRL Logistics,"57,72,51,191",6.6,"2,39,99,900",0.9044,"34,82,35,663",20219
416,Wonderla Holidays,"57,27,16,251",10.12,"2,56,55,200",0.2957,"5,83,47,918",573
417,Gulf Oil Lubricants,"55,13,19,629",11.21,"4,96,94,400",4.4041,"39,80,37,866",585
418,Heidelbergcement India,"54,90,43,763",2.42,"2,93,62,800",3.4962,"28,70,51,279",1063
419,The Tinplate Company Of India,"54,06,19,010",5.16,"1,71,09,100",0.6975,"41,97,23,951",1388
420,Aarti Drugs,"52,56,10,508",5.72,"3,24,50,300",0.2076,"30,49,68,219",1450
421,Lux Industries,"52,45,55,855",17.44,"1,65,53,000",0.3418,"27,96,04,706",0
422,JTEKT India,"51,78,03,728",2.03,"1,60,85,300",0.3012,"25,72,68,077",1719
423,Kaveri Seed,"51,51,12,836",10.18,"3,90,24,500",0.5893,"13,92,49,337",1198
424,Kewal Kiran Clothing,"51,20,16,935",8.16,"2,40,09,900",0.2924,"10,10,57,918",1648
425,Imagicaaworld Entertainment,"50,97,14,159",0.94,"2,29,15,500",0,"3,11,78,693",554
426,Orient Cement,"50,70,45,511",2.47,"3,80,19,400",0.8329,"38,40,90,860",1275
427,Black Box,"49,70,34,310",2.94,"3,19,19,500",0,"78,47,80,266",3800
428,Jain Irrigation Systems,"48,81,62,369",0.37,"6,59,15,100",0,"74,14,79,754",8500
429,Subros,"47,96,60,917",7.3,"1,83,39,400",0.1629,"37,01,46,067",2647
430,West Coast Paper Mills,"47,14,44,168",7.14,"16,05,48,000",1.6809,"57,01,95,819",2386
431,Hinduja Global Solutions,"46,14,94,299",9.92,"2,69,75,100",0.3066,"55,50,87,805",21608
432,Jaypee Group,"45,49,44,774",0.19,"1,21,23,300",0,"79,17,21,581",5893
433,Tata Steel Long Products,"44,99,52,913",9.98,"-26,57,33,000",0,"1,41,23,59,104",3291
434,Indian Metals &amp; Ferro Alloys,"44,67,55,328",8.28,"6,62,90,600",4.0282,"32,42,95,313",2128
435,Greenpanel Industries,"43,49,96,864",3.54,"2,72,99,500",0.5165,"19,56,93,740",1891
436,Hathway,"43,39,57,286",0.25,"1,70,62,300",0,"23,88,82,587",658
437,Cigniti Technologies,"43,17,64,749",15.82,"2,72,28,200",0.4202,"21,70,52,010",3891
438,Kalyani Steels,"42,76,34,032",9.74,"4,32,78,700",1.2427,"23,62,95,762",66
439,Hikal,"42,10,54,849",3.41,"1,82,82,100",0.4239,"21,31,65,773",1906
440,Ashiana Housing,"41,82,36,532",4.16,"1,16,82,300",0.1443,"9,12,93,263",857
441,Anup Engineering,"41,20,36,480",20.7,"1,43,56,000",0.8819,"6,77,62,715",205
442,SpiceJet,"40,73,07,605",0.68,"-5,88,31,100",0,"90,23,53,133",0
443,Skipper Limited,"40,45,14,061",3.57,"1,54,76,000",0.0335,"39,52,44,031",2100
444,Dollar Industries,"38,62,32,442",6.81,"1,46,57,700",0.5338,"18,94,72,463",2323
445,Avalon Technologies,"38,34,12,725",5.83,"45,90,200",0,"10,45,95,606",0
446,Sandhar,"38,25,10,196",6.35,"1,64,04,700",0.4744,"40,23,72,582",1609
447,Greenply,"37,81,96,445",3.06,"1,72,66,800",0.1981,"26,29,21,982",2549
448,Mahindra Logistics,"37,79,48,519",5.18,"50,50,220",0.5866,"66,37,88,635",3669
449,Nucleus Software Exports,"37,59,14,244",14.04,"3,35,09,000",0.8618,"9,95,52,207",1782
450,TCNS Clothing,"37,26,69,435",5.89,"-3,57,50,900",0,"11,57,17,532",3910
451,Vadilal Industries,"36,99,98,970",51.48,"2,22,17,300",0.0348,"13,69,76,609",668
452,Prime Focus,"36,70,15,296",1.22,"-2,72,15,300",0,"54,44,91,685",9500
453,Delta Corp,"36,62,73,115",1.37,"4,06,87,600",1.1023,"11,16,75,977",3286
454,SML Isuzu,"36,56,37,122",25.27,"1,28,87,100",0,"25,26,81,040",916
455,Tide Water Oil,"36,46,42,105",21.46,"2,27,78,000",2.6458,"23,28,57,264",509
456,CARE's Ratings,"36,14,71,812",12.1,"1,78,74,600",1.4811,"3,99,71,468",517
457,MPS Limited,"35,69,52,708",20.87,"1,99,77,000",3.012,"6,32,74,610",2210
458,Wendt India,"35,63,31,593",178.17,"65,33,530",0.5234,"2,70,97,077",388
459,Repco Home Finance,"35,24,25,846",5.63,"6,32,53,800",0.585,"8,38,18,909",898
460,Somany Ceramics,"35,14,17,302",8.57,"2,27,91,000",0.4188,"31,06,75,461",1888
461,MM Forgings,"34,90,95,965",14.46,"2,23,92,000",0,"18,78,35,116",3870
462,Automotive Axles,"34,58,82,975",22.89,"2,80,73,000",1.6697,"27,66,78,743",988
463,Prakash Industries,"34,46,81,600",1.92,"3,79,15,300",0,"44,32,75,842",2404
464,Vst Tillers Tractors,"34,00,09,243",39.29,"1,89,78,800",0.7583,"11,67,47,231",649
465,Dish TV,"33,44,13,341",0.18,"-22,43,96,000",0,"23,28,65,332",376
466,Shalby,"33,19,68,778",3.1,"1,65,47,100",0.4618,"10,75,40,599",2490
467,Indoco Remedies,"33,19,13,782",3.6,"1,63,79,600",0.7478,"21,55,93,458",6000
468,Honda Siel Power Products,"32,45,81,640",32,"1,49,11,400",0.6303,"11,92,19,030",754
469,Apollo Pipes,"32,33,07,394",7.85,"86,64,210",0.0922,"11,75,65,399",834
470,Nilkamal,"32,28,60,180",21.64,"1,93,73,800",1.1022,"38,53,94,426",3493
471,Confidence Petroleum,"31,74,94,330",0.98,"1,90,10,100",0.123,"33,20,61,161",163
472,Capacit'e Infraprojects,"31,34,10,016",3.7,"1,57,54,000",0,"21,31,07,876",970
473,Unitech Group,"31,05,12,127",0.12,"49,79,990",0,"3,94,42,804",175
474,Sequent Scientific,"30,94,02,477",1.24,"-66,61,200",0,"16,51,53,684",1771
475,Hindustan Oil Exploration Company,"30,39,15,094",2.3,"3,83,00,900",0,"7,68,47,559",94
476,Alembic Limited,"30,35,27,002",1.18,"1,25,02,000",2.2481,"1,89,83,063",271
477,PTC Financial Services,"29,70,58,450",0.46,"2,91,93,800",2.6655,"8,93,82,439",48
478,Polyplex,"29,57,66,551",9.42,"1,42,23,600",0.6155,"76,04,79,387",2650
479,Quick Heal,"29,04,29,205",5.33,"31,27,480",0.5631,"3,51,44,796",986
480,Accelya,"28,83,26,405",19.32,"1,66,26,400",3.4299,"6,09,50,683",1177
481,Lumax Industries,"28,78,89,675",30.8,"1,69,77,500",1.0503,"30,24,38,726",2281
482,Kingfa Science & Technology,"28,64,48,108",23.48,"2,09,55,800",0,"17,52,96,523",221
483,Geojit Financial Services,"28,39,68,264",1.19,"2,30,87,400",1.5391,"6,02,83,411",2198
484,RPG Life Sciences,"28,32,14,152",17.12,"1,22,69,000",0.8352,"6,61,69,672",1214
485,Vidhi Specialty Food,"28,30,28,539",5.6,"58,02,410",0.3001,"3,68,71,541",71
486,Filatex India,"28,14,83,314",0.63,"1,81,13,000",0.2846,"51,68,38,362",2383
487,Mangalam Cement,"28,10,05,484",10.22,"2,00,94,000",0.1791,"20,80,49,757",1114
488,Huhtamaki India,"28,06,66,421",3.72,"6,35,04,800",1.6157,"29,29,10,776",2906
489,Sanghi Industries,"28,01,12,505",1.08,"-5,42,22,100",0,"9,88,14,295",767
490,Mahanagar Telephone Nigam,"27,94,46,141",0.44,"-8,72,49,000",0,"9,07,69,706",3749
491,India Glycols,"27,93,08,626",9.02,"2,58,30,400",0.9969,"35,22,94,215",1151
492,Foseco India,"27,74,62,467",43.45,"1,00,15,700",0,"5,77,43,281",225
493,KCP Limited,"27,05,46,309",2.1,"4,01,91,800",0.0584,"34,33,46,089",856
494,Federal-Mogul Goetze,"26,65,61,406",4.64,"2,02,09,100",0,"20,30,31,263",5025
495,Sasken Technologies,"26,47,55,734",17.56,"1,13,60,200",1.7047,"4,90,03,497",1430
496,Jindal Poly Films,"26,33,53,548",6.01,"85,45,260",0.858,"43,40,47,240",1740
497,Astec Lifesciences,"25,76,15,146",13.14,"-80,83,550",0.1358,"5,23,14,051",551
498,GE Power India,"24,98,41,462",3.72,"-3,08,63,200",0,"19,00,92,896",1405
499,Hindustan Sanitaryware &amp; Industries,"24,41,73,718",3.77,"2,35,95,600",0,"18,86,41,904",2818
500,Barbeque Nation Hospitality,"24,27,98,321",6.21,"55,22,320",0,"14,96,39,434",6878
501,Parag Milk Foods,"24,13,58,006",2.02,"1,89,71,300",0,"37,84,29,015",1572
502,Siyaram Silk Mills,"23,98,88,867",5.28,"3,21,65,200",2.4887,"25,19,83,839",3299
503,Jagran Prakashan,"23,74,45,458",1.09,"3,21,53,300",0,"22,79,62,842",4865
504,Rupa Company,"23,46,22,133",2.95,"1,03,68,800",1.2091,"14,72,73,075",1152
505,GTL Infrastructure,"23,33,71,703",0.02,"-8,20,38,900",0,"16,54,67,300",669
506,Hyderabad Industries Limited,"22,69,77,346",30.1,"-85,339",1.6079,"38,68,53,020",1745
507,Gallantt Ispat,"22,11,13,575",0.78,"1,86,65,800",0,"14,93,82,390",1516
508,GTPL Hathway,"22,06,38,601",1.96,"1,82,11,900",2.439,"38,73,27,370",729
509,Gati,"21,51,37,993",1.65,"6,99,296",0,"20,90,63,211",20
510,Cantabil Retail India,"21,29,17,703",2.55,"92,50,610",0.4176,"7,42,54,640",2278
511,Omaxe,"21,11,29,659",1.08,"-5,55,81,700",0,"16,52,88,572",468
512,Shankara Building,"20,81,35,599",8.23,"1,30,27,200",0.3658,"58,20,69,359",664
513,Tamil Nadu Newsprint and Papers Limited,"20,54,78,687",2.97,"7,69,95,200",3.2616,"58,58,34,113",2371
514,Rane Holdings,"20,54,07,597",14.39,"91,01,660",1.4155,"42,56,86,734",115
515,Sify,"20,16,65,200",1.1,"2,85,17,100",0,"43,30,59,013",4439
516,Nelco,"19,65,33,949",8.61,"40,43,640",0.2796,"3,86,20,468",93
517,Wheels India,"19,33,78,485",7.91,"90,01,220",0.5995,"59,96,29,504",2221
518,Rico Auto Industries,"19,19,43,633",1.42,"1,48,33,400",0.64,"26,21,27,636",1558
519,India Nippon Electricals,"18,70,40,451",8.27,"80,00,980",1.4321,"8,18,23,826",561
520,Hester Biosciences,"18,34,30,604",21.56,"62,35,160",0.4465,"3,67,42,087",584
521,I.g. Petrochemicals,"18,00,83,954",5.85,"1,46,46,500",2.0313,"26,03,94,655",461
522,Navkar Corp,"17,97,28,994",1.18,"14,54,320",0,"5,24,28,373",495
523,INEOS Styrolution,"17,48,38,743",9.94,"4,13,73,300",0,"29,88,77,797",479
524,Igarashi Motors India,"17,44,39,708",5.54,"30,16,860",0.2152,"8,14,50,600",648
525,Southern Petrochemical Industries Corp,"17,35,75,542",0.85,"2,51,62,700",2.1251,"23,34,30,765",617
526,Cosmo First,"17,18,44,102",6.63,"1,94,96,600",0.9183,"31,21,43,874",1148
527,Kokuyo Camlin,"17,17,60,908",1.69,"61,82,350",0.3519,"9,58,10,038",1095
528,Dhampur Sugar Mills,"17,02,98,582",2.6,"2,83,12,500",0,"26,19,27,266",1213
529,NACL Industries,"16,19,40,488",0.81,"65,32,550",0.3691,"24,42,82,124",1254
530,Kitex Garments,"16,09,58,460",2.42,"1,04,35,900",0.7533,"7,43,68,762",5524
531,Excel Industries,"15,93,81,071",12.68,"24,59,110",1.0757,"9,83,97,069",1047
532,Kuantum Papers,"15,92,22,196",1.82,"3,49,06,000",1.9846,"15,17,62,138",1304
533,Aptech,"15,62,53,989",2.69,"50,39,550",2.0063,"5,26,97,221",458
534,Monte Carlo Fashions,"15,30,51,925",7.38,"1,92,21,900",3.2287,"13,16,76,277",1806
535,Sterling Tools,"15,15,63,783",4.21,"87,03,070",0.5733,"11,23,49,145",554
536,India Motor Parts and Accessories,"15,09,67,380",12.1,"1,24,55,000",2.3832,"8,60,66,129",854
537,Mangalore Chemicals and Fertilizers,"15,04,61,413",1.27,"3,93,67,500",1.4051,"50,49,82,877",651
538,Himatsingka Seide,"15,00,78,133",1.52,"5,20,94,500",0,"66,91,67,241",8687
539,Oriental Aromatics,"13,90,68,467",4.13,"26,38,840",0.1457,"9,86,65,808",744
540,Coffee Day Enterprises,"13,65,04,017",0.65,"92,69,300",0,"12,04,72,474",2376
541,Jay Bharat Maruti,"13,13,30,088",1.21,"57,26,400",0.701,"27,63,38,435",5896
542,Bliss GVS Pharma,"12,92,03,866",1.23,"1,49,28,000",0.4897,"9,28,29,732",763
543,Indorama Synthetics,"12,59,94,105",0.48,"-2,45,28,300",0,"46,68,26,311",1501
544,Orient Paper Mills,"11,81,56,684",0.56,"1,54,05,000",2.1688,"10,14,30,918",1394
545,Kellton Tech Solutions,"11,20,42,257",1.16,"-1,54,62,700",0,"11,83,61,168",1269
546,Bodal Chemicals,"10,69,92,746",0.85,"13,77,900",0.1412,"16,64,74,571",2025
547,Asian Granito India,"8,87,68,486",0.7,"-59,60,040",0,"18,84,71,972",1440
548,Spencer's Retail,"8,77,29,737",0.97,"-1,42,92,900",0,"28,27,54,449",4505
549,Nectar Lifesciences,"8,56,28,637",0.38,"1,26,98,600",0,"20,30,22,138",1669
550,Yatra,"8,21,55,136",1.28,"-33,40,920",0,"5,27,89,541",1095
551,Hindustan Media Ventures,"8,21,38,450",1.12,"-8,95,972",0,"8,48,85,627",1146
552,Ebixcash India,"8,15,07,586",7.31,"83,71,470",0,"17,45,05,904",474
553,Rane Brake Lining,"8,08,84,932",10.46,"65,54,580",2.8968,"7,96,59,571",597
554,Balaji Telefilms,"7,88,62,693",0.78,"74,28,770",0,"7,64,63,170",87
555,Apex Frozen Foods,"7,75,67,732",2.48,"20,66,260",1.2062,"10,09,00,071",2713
556,3i Infotech,"7,05,56,466",0.42,"-2,51,02,300",0,"9,76,93,337",5000
557,Mirza International,"7,03,31,177",0.51,"-1,51,23,100",0,"-5,88,41,000",2409
558,Radio City,"6,56,85,109",0.19,"12,64,600",0,"2,60,97,343",415
559,Reliance Communications,"5,53,00,861",0.02,"-10,72,170",0,"4,86,77,264",464
560,N.B.I. Industrial Finance,"5,29,45,925",21.55,"12,06,960",0.0225,"14,24,079",5
561,Hinduja Ventures,"4,81,38,727",1.43,"-1,09,51,400",0,"6,01,09,732",837
562,Azure Power,"4,81,24,800",0.75,"-1,03,32,800",0,"24,53,71,464",471
563,Milkfood Limited,"3,03,47,301",6.21,"23,41,880",0.4721,"5,42,43,607",0
564,Zee Learn,"2,92,31,557",0.09,"-3,67,89,700",0,"4,25,16,016",193
565,MEP Infrastructure,"1,72,63,694",0.09,"-3,63,82,100",0,"59,31,301",186
566,Future Retail,"1,36,52,178",0.03,"-39,29,96,000",0,"1,14,12,90,288",21839
567,Modern Dairies Limited,"1,32,87,716",0.57,"40,63,880",0,"3,55,18,993",0
568,Srei Infrastructure Finance,"1,26,75,992",0.03,"-80,48,55,000",0,"10,53,05,267",20
569,Jump Networks,"1,16,69,324",0.12,"-15,09,540",0,"1,94,91,459",3
570,Future Supply Chain Solutions,"22,88,481",0.05,"-8,09,01,300",0,"7,26,54,628",0
